Description,Price,Rate,Count_Review,Url,Image
Google Pixel 7a - Unlocked Android Cell Phone - Smartphone with Wide Angle Lens and 24-Hour Battery - 128 GB -  Sea,$499.00,4.4 out of 5 stars,7,https://www.amazon.com//gp/slredirect/picassoRedirect.html/ref=pa_sp_atf_aps_sr_pg1_1?ie=UTF8&adId=A05238832H9KUYZQUC01Z&qualifier=1685650464&id=4285901074781636&widgetName=sp_atf&url=%2FGoogle-Pixel-7a-Unlocked-Smartphone%2Fdp%2FB0BZ9T8R41%2Fref%3Dsr_1_1_sspa%3Fkeywords%3Dmobile%2Bphone%26qid%3D1685650464%26sr%3D8-1-spons%26psc%3D1,https://m.media-amazon.com/images/I/8162vKQDSYL._AC_UY218_.jpg
Google Pixel 7a - Unlocked Android Cell Phone - Smartphone with Wide Angle Lens and 24-Hour Battery - 128 GB -  Sea,$499.00,4.4 out of 5 stars,7,https://www.amazon.com//gp/slredirect/picassoRedirect.html/ref=pa_sp_atf_aps_sr_pg1_1?ie=UTF8&adId=A05238832H9KUYZQUC01Z&qualifier=1685650464&id=4285901074781636&widgetName=sp_atf&url=%2FGoogle-Pixel-7a-Unlocked-Smartphone%2Fdp%2FB0BZ9T8R41%2Fref%3Dsr_1_1_sspa%3Fkeywords%3Dmobile%2Bphone%26qid%3D1685650464%26sr%3D8-1-spons%26psc%3D1,https://m.media-amazon.com/images/I/8162vKQDSYL._AC_UY218_.jpg
Google Pixel 7a - Unlocked Android Cell Phone - Smartphone with Wide Angle Lens and 24-Hour Battery - 128 GB -  Sea,$499.00,4.4 out of 5 stars,7,https://www.amazon.com//gp/slredirect/picassoRedirect.html/ref=pa_sp_atf_aps_sr_pg1_1?ie=UTF8&adId=A05238832H9KUYZQUC01Z&qualifier=1685650464&id=4285901074781636&widgetName=sp_atf&url=%2FGoogle-Pixel-7a-Unlocked-Smartphone%2Fdp%2FB0BZ9T8R41%2Fref%3Dsr_1_1_sspa%3Fkeywords%3Dmobile%2Bphone%26qid%3D1685650464%26sr%3D8-1-spons%26psc%3D1,https://m.media-amazon.com/images/I/8162vKQDSYL._AC_UY218_.jpg
Google Pixel 7a - Unlocked Android Cell Phone - Smartphone with Wide Angle Lens and 24-Hour Battery - 128 GB -  Sea,$499.00,4.4 out of 5 stars,7,https://www.amazon.com//gp/slredirect/picassoRedirect.html/ref=pa_sp_atf_aps_sr_pg1_1?ie=UTF8&adId=A05238832H9KUYZQUC01Z&qualifier=1685650464&id=4285901074781636&widgetName=sp_atf&url=%2FGoogle-Pixel-7a-Unlocked-Smartphone%2Fdp%2FB0BZ9T8R41%2Fref%3Dsr_1_1_sspa%3Fkeywords%3Dmobile%2Bphone%26qid%3D1685650464%26sr%3D8-1-spons%26psc%3D1,https://m.media-amazon.com/images/I/8162vKQDSYL._AC_UY218_.jpg
Google Pixel 7a - Unlocked Android Cell Phone - Smartphone with Wide Angle Lens and 24-Hour Battery - 128 GB -  Sea,$499.00,4.4 out of 5 stars,7,https://www.amazon.com//gp/slredirect/picassoRedirect.html/ref=pa_sp_atf_aps_sr_pg1_1?ie=UTF8&adId=A05238832H9KUYZQUC01Z&qualifier=1685650464&id=4285901074781636&widgetName=sp_atf&url=%2FGoogle-Pixel-7a-Unlocked-Smartphone%2Fdp%2FB0BZ9T8R41%2Fref%3Dsr_1_1_sspa%3Fkeywords%3Dmobile%2Bphone%26qid%3D1685650464%26sr%3D8-1-spons%26psc%3D1,https://m.media-amazon.com/images/I/8162vKQDSYL._AC_UY218_.jpg
Google Pixel 7a - Unlocked Android Cell Phone - Smartphone with Wide Angle Lens and 24-Hour Battery - 128 GB -  Sea,$499.00,4.4 out of 5 stars,7,https://www.amazon.com//gp/slredirect/picassoRedirect.html/ref=pa_sp_atf_aps_sr_pg1_1?ie=UTF8&adId=A05238832H9KUYZQUC01Z&qualifier=1685650464&id=4285901074781636&widgetName=sp_atf&url=%2FGoogle-Pixel-7a-Unlocked-Smartphone%2Fdp%2FB0BZ9T8R41%2Fref%3Dsr_1_1_sspa%3Fkeywords%3Dmobile%2Bphone%26qid%3D1685650464%26sr%3D8-1-spons%26psc%3D1,https://m.media-amazon.com/images/I/8162vKQDSYL._AC_UY218_.jpg
Google Pixel 7a - Unlocked Android Cell Phone - Smartphone with Wide Angle Lens and 24-Hour Battery - 128 GB -  Sea,$499.00,4.4 out of 5 stars,7,https://www.amazon.com//gp/slredirect/picassoRedirect.html/ref=pa_sp_atf_aps_sr_pg1_1?ie=UTF8&adId=A05238832H9KUYZQUC01Z&qualifier=1685650464&id=4285901074781636&widgetName=sp_atf&url=%2FGoogle-Pixel-7a-Unlocked-Smartphone%2Fdp%2FB0BZ9T8R41%2Fref%3Dsr_1_1_sspa%3Fkeywords%3Dmobile%2Bphone%26qid%3D1685650464%26sr%3D8-1-spons%26psc%3D1,https://m.media-amazon.com/images/I/8162vKQDSYL._AC_UY218_.jpg
Google Pixel 7a - Unlocked Android Cell Phone - Smartphone with Wide Angle Lens and 24-Hour Battery - 128 GB -  Sea,$499.00,4.4 out of 5 stars,7,https://www.amazon.com//gp/slredirect/picassoRedirect.html/ref=pa_sp_atf_aps_sr_pg1_1?ie=UTF8&adId=A05238832H9KUYZQUC01Z&qualifier=1685650464&id=4285901074781636&widgetName=sp_atf&url=%2FGoogle-Pixel-7a-Unlocked-Smartphone%2Fdp%2FB0BZ9T8R41%2Fref%3Dsr_1_1_sspa%3Fkeywords%3Dmobile%2Bphone%26qid%3D1685650464%26sr%3D8-1-spons%26psc%3D1,https://m.media-amazon.com/images/I/8162vKQDSYL._AC_UY218_.jpg
Google Pixel 7a - Unlocked Android Cell Phone - Smartphone with Wide Angle Lens and 24-Hour Battery - 128 GB -  Sea,$499.00,4.4 out of 5 stars,7,https://www.amazon.com//gp/slredirect/picassoRedirect.html/ref=pa_sp_atf_aps_sr_pg1_1?ie=UTF8&adId=A05238832H9KUYZQUC01Z&qualifier=1685650464&id=4285901074781636&widgetName=sp_atf&url=%2FGoogle-Pixel-7a-Unlocked-Smartphone%2Fdp%2FB0BZ9T8R41%2Fref%3Dsr_1_1_sspa%3Fkeywords%3Dmobile%2Bphone%26qid%3D1685650464%26sr%3D8-1-spons%26psc%3D1,https://m.media-amazon.com/images/I/8162vKQDSYL._AC_UY218_.jpg
Google Pixel 7a - Unlocked Android Cell Phone - Smartphone with Wide Angle Lens and 24-Hour Battery - 128 GB -  Sea,$499.00,4.4 out of 5 stars,7,https://www.amazon.com//gp/slredirect/picassoRedirect.html/ref=pa_sp_atf_aps_sr_pg1_1?ie=UTF8&adId=A05238832H9KUYZQUC01Z&qualifier=1685650464&id=4285901074781636&widgetName=sp_atf&url=%2FGoogle-Pixel-7a-Unlocked-Smartphone%2Fdp%2FB0BZ9T8R41%2Fref%3Dsr_1_1_sspa%3Fkeywords%3Dmobile%2Bphone%26qid%3D1685650464%26sr%3D8-1-spons%26psc%3D1,https://m.media-amazon.com/images/I/8162vKQDSYL._AC_UY218_.jpg
Google Pixel 7a - Unlocked Android Cell Phone - Smartphone with Wide Angle Lens and 24-Hour Battery - 128 GB -  Sea,$499.00,4.4 out of 5 stars,7,https://www.amazon.com//gp/slredirect/picassoRedirect.html/ref=pa_sp_atf_aps_sr_pg1_1?ie=UTF8&adId=A05238832H9KUYZQUC01Z&qualifier=1685650464&id=4285901074781636&widgetName=sp_atf&url=%2FGoogle-Pixel-7a-Unlocked-Smartphone%2Fdp%2FB0BZ9T8R41%2Fref%3Dsr_1_1_sspa%3Fkeywords%3Dmobile%2Bphone%26qid%3D1685650464%26sr%3D8-1-spons%26psc%3D1,https://m.media-amazon.com/images/I/8162vKQDSYL._AC_UY218_.jpg
Google Pixel 7a - Unlocked Android Cell Phone - Smartphone with Wide Angle Lens and 24-Hour Battery - 128 GB -  Sea,$499.00,4.4 out of 5 stars,7,https://www.amazon.com//gp/slredirect/picassoRedirect.html/ref=pa_sp_atf_aps_sr_pg1_1?ie=UTF8&adId=A05238832H9KUYZQUC01Z&qualifier=1685650464&id=4285901074781636&widgetName=sp_atf&url=%2FGoogle-Pixel-7a-Unlocked-Smartphone%2Fdp%2FB0BZ9T8R41%2Fref%3Dsr_1_1_sspa%3Fkeywords%3Dmobile%2Bphone%26qid%3D1685650464%26sr%3D8-1-spons%26psc%3D1,https://m.media-amazon.com/images/I/8162vKQDSYL._AC_UY218_.jpg
Google Pixel 7a - Unlocked Android Cell Phone - Smartphone with Wide Angle Lens and 24-Hour Battery - 128 GB -  Sea,$499.00,4.4 out of 5 stars,7,https://www.amazon.com//gp/slredirect/picassoRedirect.html/ref=pa_sp_atf_aps_sr_pg1_1?ie=UTF8&adId=A05238832H9KUYZQUC01Z&qualifier=1685650464&id=4285901074781636&widgetName=sp_atf&url=%2FGoogle-Pixel-7a-Unlocked-Smartphone%2Fdp%2FB0BZ9T8R41%2Fref%3Dsr_1_1_sspa%3Fkeywords%3Dmobile%2Bphone%26qid%3D1685650464%26sr%3D8-1-spons%26psc%3D1,https://m.media-amazon.com/images/I/8162vKQDSYL._AC_UY218_.jpg
Google Pixel 7a - Unlocked Android Cell Phone - Smartphone with Wide Angle Lens and 24-Hour Battery - 128 GB -  Sea,$499.00,4.4 out of 5 stars,7,https://www.amazon.com//gp/slredirect/picassoRedirect.html/ref=pa_sp_atf_aps_sr_pg1_1?ie=UTF8&adId=A05238832H9KUYZQUC01Z&qualifier=1685650464&id=4285901074781636&widgetName=sp_atf&url=%2FGoogle-Pixel-7a-Unlocked-Smartphone%2Fdp%2FB0BZ9T8R41%2Fref%3Dsr_1_1_sspa%3Fkeywords%3Dmobile%2Bphone%26qid%3D1685650464%26sr%3D8-1-spons%26psc%3D1,https://m.media-amazon.com/images/I/8162vKQDSYL._AC_UY218_.jpg
Google Pixel 7a - Unlocked Android Cell Phone - Smartphone with Wide Angle Lens and 24-Hour Battery - 128 GB -  Sea,$499.00,4.4 out of 5 stars,7,https://www.amazon.com//gp/slredirect/picassoRedirect.html/ref=pa_sp_atf_aps_sr_pg1_1?ie=UTF8&adId=A05238832H9KUYZQUC01Z&qualifier=1685650464&id=4285901074781636&widgetName=sp_atf&url=%2FGoogle-Pixel-7a-Unlocked-Smartphone%2Fdp%2FB0BZ9T8R41%2Fref%3Dsr_1_1_sspa%3Fkeywords%3Dmobile%2Bphone%26qid%3D1685650464%26sr%3D8-1-spons%26psc%3D1,https://m.media-amazon.com/images/I/8162vKQDSYL._AC_UY218_.jpg
Google Pixel 7a - Unlocked Android Cell Phone - Smartphone with Wide Angle Lens and 24-Hour Battery - 128 GB -  Sea,$499.00,4.4 out of 5 stars,7,https://www.amazon.com//gp/slredirect/picassoRedirect.html/ref=pa_sp_atf_aps_sr_pg1_1?ie=UTF8&adId=A05238832H9KUYZQUC01Z&qualifier=1685650464&id=4285901074781636&widgetName=sp_atf&url=%2FGoogle-Pixel-7a-Unlocked-Smartphone%2Fdp%2FB0BZ9T8R41%2Fref%3Dsr_1_1_sspa%3Fkeywords%3Dmobile%2Bphone%26qid%3D1685650464%26sr%3D8-1-spons%26psc%3D1,https://m.media-amazon.com/images/I/8162vKQDSYL._AC_UY218_.jpg
Google Pixel 7a - Unlocked Android Cell Phone - Smartphone with Wide Angle Lens and 24-Hour Battery - 128 GB -  Sea,$499.00,4.4 out of 5 stars,7,https://www.amazon.com//gp/slredirect/picassoRedirect.html/ref=pa_sp_atf_aps_sr_pg1_1?ie=UTF8&adId=A05238832H9KUYZQUC01Z&qualifier=1685650464&id=4285901074781636&widgetName=sp_atf&url=%2FGoogle-Pixel-7a-Unlocked-Smartphone%2Fdp%2FB0BZ9T8R41%2Fref%3Dsr_1_1_sspa%3Fkeywords%3Dmobile%2Bphone%26qid%3D1685650464%26sr%3D8-1-spons%26psc%3D1,https://m.media-amazon.com/images/I/8162vKQDSYL._AC_UY218_.jpg
Google Pixel 7a - Unlocked Android Cell Phone - Smartphone with Wide Angle Lens and 24-Hour Battery - 128 GB -  Sea,$499.00,4.4 out of 5 stars,7,https://www.amazon.com//gp/slredirect/picassoRedirect.html/ref=pa_sp_atf_aps_sr_pg1_1?ie=UTF8&adId=A05238832H9KUYZQUC01Z&qualifier=1685650464&id=4285901074781636&widgetName=sp_atf&url=%2FGoogle-Pixel-7a-Unlocked-Smartphone%2Fdp%2FB0BZ9T8R41%2Fref%3Dsr_1_1_sspa%3Fkeywords%3Dmobile%2Bphone%26qid%3D1685650464%26sr%3D8-1-spons%26psc%3D1,https://m.media-amazon.com/images/I/8162vKQDSYL._AC_UY218_.jpg
Google Pixel 7a - Unlocked Android Cell Phone - Smartphone with Wide Angle Lens and 24-Hour Battery - 128 GB -  Sea,$499.00,4.4 out of 5 stars,7,https://www.amazon.com//gp/slredirect/picassoRedirect.html/ref=pa_sp_atf_aps_sr_pg1_1?ie=UTF8&adId=A05238832H9KUYZQUC01Z&qualifier=1685650464&id=4285901074781636&widgetName=sp_atf&url=%2FGoogle-Pixel-7a-Unlocked-Smartphone%2Fdp%2FB0BZ9T8R41%2Fref%3Dsr_1_1_sspa%3Fkeywords%3Dmobile%2Bphone%26qid%3D1685650464%26sr%3D8-1-spons%26psc%3D1,https://m.media-amazon.com/images/I/8162vKQDSYL._AC_UY218_.jpg
Google Pixel 7a - Unlocked Android Cell Phone - Smartphone with Wide Angle Lens and 24-Hour Battery - 128 GB -  Sea,$499.00,4.4 out of 5 stars,7,https://www.amazon.com//gp/slredirect/picassoRedirect.html/ref=pa_sp_atf_aps_sr_pg1_1?ie=UTF8&adId=A05238832H9KUYZQUC01Z&qualifier=1685650464&id=4285901074781636&widgetName=sp_atf&url=%2FGoogle-Pixel-7a-Unlocked-Smartphone%2Fdp%2FB0BZ9T8R41%2Fref%3Dsr_1_1_sspa%3Fkeywords%3Dmobile%2Bphone%26qid%3D1685650464%26sr%3D8-1-spons%26psc%3D1,https://m.media-amazon.com/images/I/8162vKQDSYL._AC_UY218_.jpg
Google Pixel 7a - Unlocked Android Cell Phone - Smartphone with Wide Angle Lens and 24-Hour Battery - 128 GB -  Sea,$499.00,4.4 out of 5 stars,7,https://www.amazon.com//gp/slredirect/picassoRedirect.html/ref=pa_sp_atf_aps_sr_pg1_1?ie=UTF8&adId=A05238832H9KUYZQUC01Z&qualifier=1685650464&id=4285901074781636&widgetName=sp_atf&url=%2FGoogle-Pixel-7a-Unlocked-Smartphone%2Fdp%2FB0BZ9T8R41%2Fref%3Dsr_1_1_sspa%3Fkeywords%3Dmobile%2Bphone%26qid%3D1685650464%26sr%3D8-1-spons%26psc%3D1,https://m.media-amazon.com/images/I/8162vKQDSYL._AC_UY218_.jpg
Google Pixel 7a - Unlocked Android Cell Phone - Smartphone with Wide Angle Lens and 24-Hour Battery - 128 GB -  Sea,$499.00,4.4 out of 5 stars,7,https://www.amazon.com//gp/slredirect/picassoRedirect.html/ref=pa_sp_atf_aps_sr_pg1_1?ie=UTF8&adId=A05238832H9KUYZQUC01Z&qualifier=1685650464&id=4285901074781636&widgetName=sp_atf&url=%2FGoogle-Pixel-7a-Unlocked-Smartphone%2Fdp%2FB0BZ9T8R41%2Fref%3Dsr_1_1_sspa%3Fkeywords%3Dmobile%2Bphone%26qid%3D1685650464%26sr%3D8-1-spons%26psc%3D1,https://m.media-amazon.com/images/I/8162vKQDSYL._AC_UY218_.jpg
Google Pixel 7a - Unlocked Android Cell Phone - Smartphone with Wide Angle Lens and 24-Hour Battery - 128 GB -  Sea,$499.00,4.4 out of 5 stars,7,https://www.amazon.com//gp/slredirect/picassoRedirect.html/ref=pa_sp_atf_aps_sr_pg1_1?ie=UTF8&adId=A05238832H9KUYZQUC01Z&qualifier=1685650464&id=4285901074781636&widgetName=sp_atf&url=%2FGoogle-Pixel-7a-Unlocked-Smartphone%2Fdp%2FB0BZ9T8R41%2Fref%3Dsr_1_1_sspa%3Fkeywords%3Dmobile%2Bphone%26qid%3D1685650464%26sr%3D8-1-spons%26psc%3D1,https://m.media-amazon.com/images/I/8162vKQDSYL._AC_UY218_.jpg
Google Pixel 7a - Unlocked Android Cell Phone - Smartphone with Wide Angle Lens and 24-Hour Battery - 128 GB -  Sea,$499.00,4.4 out of 5 stars,7,https://www.amazon.com//gp/slredirect/picassoRedirect.html/ref=pa_sp_atf_aps_sr_pg1_1?ie=UTF8&adId=A05238832H9KUYZQUC01Z&qualifier=1685650464&id=4285901074781636&widgetName=sp_atf&url=%2FGoogle-Pixel-7a-Unlocked-Smartphone%2Fdp%2FB0BZ9T8R41%2Fref%3Dsr_1_1_sspa%3Fkeywords%3Dmobile%2Bphone%26qid%3D1685650464%26sr%3D8-1-spons%26psc%3D1,https://m.media-amazon.com/images/I/8162vKQDSYL._AC_UY218_.jpg
Google Pixel 7a - Unlocked Android Cell Phone - Smartphone with Wide Angle Lens and 24-Hour Battery - 128 GB -  Sea,$499.00,4.4 out of 5 stars,7,https://www.amazon.com//gp/slredirect/picassoRedirect.html/ref=pa_sp_atf_aps_sr_pg1_1?ie=UTF8&adId=A05238832H9KUYZQUC01Z&qualifier=1685650464&id=4285901074781636&widgetName=sp_atf&url=%2FGoogle-Pixel-7a-Unlocked-Smartphone%2Fdp%2FB0BZ9T8R41%2Fref%3Dsr_1_1_sspa%3Fkeywords%3Dmobile%2Bphone%26qid%3D1685650464%26sr%3D8-1-spons%26psc%3D1,https://m.media-amazon.com/images/I/8162vKQDSYL._AC_UY218_.jpg
Google Pixel 7a - Unlocked Android Cell Phone - Smartphone with Wide Angle Lens and 24-Hour Battery - 128 GB -  Sea,$499.00,4.4 out of 5 stars,7,https://www.amazon.com//gp/slredirect/picassoRedirect.html/ref=pa_sp_atf_aps_sr_pg1_1?ie=UTF8&adId=A05238832H9KUYZQUC01Z&qualifier=1685650464&id=4285901074781636&widgetName=sp_atf&url=%2FGoogle-Pixel-7a-Unlocked-Smartphone%2Fdp%2FB0BZ9T8R41%2Fref%3Dsr_1_1_sspa%3Fkeywords%3Dmobile%2Bphone%26qid%3D1685650464%26sr%3D8-1-spons%26psc%3D1,https://m.media-amazon.com/images/I/8162vKQDSYL._AC_UY218_.jpg
Google Pixel 7a - Unlocked Android Cell Phone - Smartphone with Wide Angle Lens and 24-Hour Battery - 128 GB -  Sea,$499.00,4.4 out of 5 stars,7,https://www.amazon.com//gp/slredirect/picassoRedirect.html/ref=pa_sp_atf_aps_sr_pg1_1?ie=UTF8&adId=A05238832H9KUYZQUC01Z&qualifier=1685650464&id=4285901074781636&widgetName=sp_atf&url=%2FGoogle-Pixel-7a-Unlocked-Smartphone%2Fdp%2FB0BZ9T8R41%2Fref%3Dsr_1_1_sspa%3Fkeywords%3Dmobile%2Bphone%26qid%3D1685650464%26sr%3D8-1-spons%26psc%3D1,https://m.media-amazon.com/images/I/8162vKQDSYL._AC_UY218_.jpg
Google Pixel 7a - Unlocked Android Cell Phone - Smartphone with Wide Angle Lens and 24-Hour Battery - 128 GB -  Sea,$499.00,4.4 out of 5 stars,7,https://www.amazon.com//gp/slredirect/picassoRedirect.html/ref=pa_sp_atf_aps_sr_pg1_1?ie=UTF8&adId=A05238832H9KUYZQUC01Z&qualifier=1685650464&id=4285901074781636&widgetName=sp_atf&url=%2FGoogle-Pixel-7a-Unlocked-Smartphone%2Fdp%2FB0BZ9T8R41%2Fref%3Dsr_1_1_sspa%3Fkeywords%3Dmobile%2Bphone%26qid%3D1685650464%26sr%3D8-1-spons%26psc%3D1,https://m.media-amazon.com/images/I/8162vKQDSYL._AC_UY218_.jpg
Google Pixel 7a - Unlocked Android Cell Phone - Smartphone with Wide Angle Lens and 24-Hour Battery - 128 GB -  Sea,$499.00,4.4 out of 5 stars,7,https://www.amazon.com//gp/slredirect/picassoRedirect.html/ref=pa_sp_atf_aps_sr_pg1_1?ie=UTF8&adId=A05238832H9KUYZQUC01Z&qualifier=1685650464&id=4285901074781636&widgetName=sp_atf&url=%2FGoogle-Pixel-7a-Unlocked-Smartphone%2Fdp%2FB0BZ9T8R41%2Fref%3Dsr_1_1_sspa%3Fkeywords%3Dmobile%2Bphone%26qid%3D1685650464%26sr%3D8-1-spons%26psc%3D1,https://m.media-amazon.com/images/I/8162vKQDSYL._AC_UY218_.jpg
Google Pixel 7a - Unlocked Android Cell Phone - Smartphone with Wide Angle Lens and 24-Hour Battery - 128 GB -  Sea,$499.00,4.4 out of 5 stars,7,https://www.amazon.com//gp/slredirect/picassoRedirect.html/ref=pa_sp_atf_aps_sr_pg1_1?ie=UTF8&adId=A05238832H9KUYZQUC01Z&qualifier=1685650464&id=4285901074781636&widgetName=sp_atf&url=%2FGoogle-Pixel-7a-Unlocked-Smartphone%2Fdp%2FB0BZ9T8R41%2Fref%3Dsr_1_1_sspa%3Fkeywords%3Dmobile%2Bphone%26qid%3D1685650464%26sr%3D8-1-spons%26psc%3D1,https://m.media-amazon.com/images/I/8162vKQDSYL._AC_UY218_.jpg
Google Pixel 7a - Unlocked Android Cell Phone - Smartphone with Wide Angle Lens and 24-Hour Battery - 128 GB -  Sea,$499.00,4.4 out of 5 stars,7,https://www.amazon.com//gp/slredirect/picassoRedirect.html/ref=pa_sp_atf_aps_sr_pg1_1?ie=UTF8&adId=A05238832H9KUYZQUC01Z&qualifier=1685650464&id=4285901074781636&widgetName=sp_atf&url=%2FGoogle-Pixel-7a-Unlocked-Smartphone%2Fdp%2FB0BZ9T8R41%2Fref%3Dsr_1_1_sspa%3Fkeywords%3Dmobile%2Bphone%26qid%3D1685650464%26sr%3D8-1-spons%26psc%3D1,https://m.media-amazon.com/images/I/8162vKQDSYL._AC_UY218_.jpg
Google Pixel 7a - Unlocked Android Cell Phone - Smartphone with Wide Angle Lens and 24-Hour Battery - 128 GB -  Sea,$499.00,4.4 out of 5 stars,7,https://www.amazon.com//gp/slredirect/picassoRedirect.html/ref=pa_sp_atf_aps_sr_pg1_1?ie=UTF8&adId=A05238832H9KUYZQUC01Z&qualifier=1685650464&id=4285901074781636&widgetName=sp_atf&url=%2FGoogle-Pixel-7a-Unlocked-Smartphone%2Fdp%2FB0BZ9T8R41%2Fref%3Dsr_1_1_sspa%3Fkeywords%3Dmobile%2Bphone%26qid%3D1685650464%26sr%3D8-1-spons%26psc%3D1,https://m.media-amazon.com/images/I/8162vKQDSYL._AC_UY218_.jpg
Google Pixel 7a - Unlocked Android Cell Phone - Smartphone with Wide Angle Lens and 24-Hour Battery - 128 GB -  Sea,$499.00,4.4 out of 5 stars,7,https://www.amazon.com//gp/slredirect/picassoRedirect.html/ref=pa_sp_atf_aps_sr_pg1_1?ie=UTF8&adId=A05238832H9KUYZQUC01Z&qualifier=1685650464&id=4285901074781636&widgetName=sp_atf&url=%2FGoogle-Pixel-7a-Unlocked-Smartphone%2Fdp%2FB0BZ9T8R41%2Fref%3Dsr_1_1_sspa%3Fkeywords%3Dmobile%2Bphone%26qid%3D1685650464%26sr%3D8-1-spons%26psc%3D1,https://m.media-amazon.com/images/I/8162vKQDSYL._AC_UY218_.jpg
Google Pixel 7a - Unlocked Android Cell Phone - Smartphone with Wide Angle Lens and 24-Hour Battery - 128 GB -  Sea,$499.00,4.4 out of 5 stars,7,https://www.amazon.com//gp/slredirect/picassoRedirect.html/ref=pa_sp_atf_aps_sr_pg1_1?ie=UTF8&adId=A05238832H9KUYZQUC01Z&qualifier=1685650464&id=4285901074781636&widgetName=sp_atf&url=%2FGoogle-Pixel-7a-Unlocked-Smartphone%2Fdp%2FB0BZ9T8R41%2Fref%3Dsr_1_1_sspa%3Fkeywords%3Dmobile%2Bphone%26qid%3D1685650464%26sr%3D8-1-spons%26psc%3D1,https://m.media-amazon.com/images/I/8162vKQDSYL._AC_UY218_.jpg
Google Pixel 7a - Unlocked Android Cell Phone - Smartphone with Wide Angle Lens and 24-Hour Battery - 128 GB -  Sea,$499.00,4.4 out of 5 stars,7,https://www.amazon.com//gp/slredirect/picassoRedirect.html/ref=pa_sp_atf_aps_sr_pg1_1?ie=UTF8&adId=A05238832H9KUYZQUC01Z&qualifier=1685650464&id=4285901074781636&widgetName=sp_atf&url=%2FGoogle-Pixel-7a-Unlocked-Smartphone%2Fdp%2FB0BZ9T8R41%2Fref%3Dsr_1_1_sspa%3Fkeywords%3Dmobile%2Bphone%26qid%3D1685650464%26sr%3D8-1-spons%26psc%3D1,https://m.media-amazon.com/images/I/8162vKQDSYL._AC_UY218_.jpg
Google Pixel 7a - Unlocked Android Cell Phone - Smartphone with Wide Angle Lens and 24-Hour Battery - 128 GB -  Sea,$499.00,4.4 out of 5 stars,7,https://www.amazon.com//gp/slredirect/picassoRedirect.html/ref=pa_sp_atf_aps_sr_pg1_1?ie=UTF8&adId=A05238832H9KUYZQUC01Z&qualifier=1685650464&id=4285901074781636&widgetName=sp_atf&url=%2FGoogle-Pixel-7a-Unlocked-Smartphone%2Fdp%2FB0BZ9T8R41%2Fref%3Dsr_1_1_sspa%3Fkeywords%3Dmobile%2Bphone%26qid%3D1685650464%26sr%3D8-1-spons%26psc%3D1,https://m.media-amazon.com/images/I/8162vKQDSYL._AC_UY218_.jpg
Google Pixel 7a - Unlocked Android Cell Phone - Smartphone with Wide Angle Lens and 24-Hour Battery - 128 GB -  Sea,$499.00,4.4 out of 5 stars,7,https://www.amazon.com//gp/slredirect/picassoRedirect.html/ref=pa_sp_atf_aps_sr_pg1_1?ie=UTF8&adId=A05238832H9KUYZQUC01Z&qualifier=1685650464&id=4285901074781636&widgetName=sp_atf&url=%2FGoogle-Pixel-7a-Unlocked-Smartphone%2Fdp%2FB0BZ9T8R41%2Fref%3Dsr_1_1_sspa%3Fkeywords%3Dmobile%2Bphone%26qid%3D1685650464%26sr%3D8-1-spons%26psc%3D1,https://m.media-amazon.com/images/I/8162vKQDSYL._AC_UY218_.jpg
Google Pixel 7a - Unlocked Android Cell Phone - Smartphone with Wide Angle Lens and 24-Hour Battery - 128 GB -  Sea,$499.00,4.4 out of 5 stars,7,https://www.amazon.com//gp/slredirect/picassoRedirect.html/ref=pa_sp_atf_aps_sr_pg1_1?ie=UTF8&adId=A05238832H9KUYZQUC01Z&qualifier=1685650464&id=4285901074781636&widgetName=sp_atf&url=%2FGoogle-Pixel-7a-Unlocked-Smartphone%2Fdp%2FB0BZ9T8R41%2Fref%3Dsr_1_1_sspa%3Fkeywords%3Dmobile%2Bphone%26qid%3D1685650464%26sr%3D8-1-spons%26psc%3D1,https://m.media-amazon.com/images/I/8162vKQDSYL._AC_UY218_.jpg
Google Pixel 7a - Unlocked Android Cell Phone - Smartphone with Wide Angle Lens and 24-Hour Battery - 128 GB -  Sea,$499.00,4.4 out of 5 stars,7,https://www.amazon.com//gp/slredirect/picassoRedirect.html/ref=pa_sp_atf_aps_sr_pg1_1?ie=UTF8&adId=A05238832H9KUYZQUC01Z&qualifier=1685650464&id=4285901074781636&widgetName=sp_atf&url=%2FGoogle-Pixel-7a-Unlocked-Smartphone%2Fdp%2FB0BZ9T8R41%2Fref%3Dsr_1_1_sspa%3Fkeywords%3Dmobile%2Bphone%26qid%3D1685650464%26sr%3D8-1-spons%26psc%3D1,https://m.media-amazon.com/images/I/8162vKQDSYL._AC_UY218_.jpg
Google Pixel 7a - Unlocked Android Cell Phone - Smartphone with Wide Angle Lens and 24-Hour Battery - 128 GB -  Sea,$499.00,4.4 out of 5 stars,7,https://www.amazon.com//gp/slredirect/picassoRedirect.html/ref=pa_sp_atf_aps_sr_pg1_1?ie=UTF8&adId=A05238832H9KUYZQUC01Z&qualifier=1685650464&id=4285901074781636&widgetName=sp_atf&url=%2FGoogle-Pixel-7a-Unlocked-Smartphone%2Fdp%2FB0BZ9T8R41%2Fref%3Dsr_1_1_sspa%3Fkeywords%3Dmobile%2Bphone%26qid%3D1685650464%26sr%3D8-1-spons%26psc%3D1,https://m.media-amazon.com/images/I/8162vKQDSYL._AC_UY218_.jpg
Google Pixel 7a - Unlocked Android Cell Phone - Smartphone with Wide Angle Lens and 24-Hour Battery - 128 GB -  Sea,$499.00,4.4 out of 5 stars,7,https://www.amazon.com//gp/slredirect/picassoRedirect.html/ref=pa_sp_atf_aps_sr_pg1_1?ie=UTF8&adId=A05238832H9KUYZQUC01Z&qualifier=1685650464&id=4285901074781636&widgetName=sp_atf&url=%2FGoogle-Pixel-7a-Unlocked-Smartphone%2Fdp%2FB0BZ9T8R41%2Fref%3Dsr_1_1_sspa%3Fkeywords%3Dmobile%2Bphone%26qid%3D1685650464%26sr%3D8-1-spons%26psc%3D1,https://m.media-amazon.com/images/I/8162vKQDSYL._AC_UY218_.jpg
Google Pixel 7a - Unlocked Android Cell Phone - Smartphone with Wide Angle Lens and 24-Hour Battery - 128 GB -  Sea,$499.00,4.4 out of 5 stars,7,https://www.amazon.com//gp/slredirect/picassoRedirect.html/ref=pa_sp_atf_aps_sr_pg1_1?ie=UTF8&adId=A05238832H9KUYZQUC01Z&qualifier=1685650464&id=4285901074781636&widgetName=sp_atf&url=%2FGoogle-Pixel-7a-Unlocked-Smartphone%2Fdp%2FB0BZ9T8R41%2Fref%3Dsr_1_1_sspa%3Fkeywords%3Dmobile%2Bphone%26qid%3D1685650464%26sr%3D8-1-spons%26psc%3D1,https://m.media-amazon.com/images/I/8162vKQDSYL._AC_UY218_.jpg
Google Pixel 7a - Unlocked Android Cell Phone - Smartphone with Wide Angle Lens and 24-Hour Battery - 128 GB -  Sea,$499.00,4.4 out of 5 stars,7,https://www.amazon.com//gp/slredirect/picassoRedirect.html/ref=pa_sp_atf_aps_sr_pg1_1?ie=UTF8&adId=A05238832H9KUYZQUC01Z&qualifier=1685650464&id=4285901074781636&widgetName=sp_atf&url=%2FGoogle-Pixel-7a-Unlocked-Smartphone%2Fdp%2FB0BZ9T8R41%2Fref%3Dsr_1_1_sspa%3Fkeywords%3Dmobile%2Bphone%26qid%3D1685650464%26sr%3D8-1-spons%26psc%3D1,https://m.media-amazon.com/images/I/8162vKQDSYL._AC_UY218_.jpg
Google Pixel 7a - Unlocked Android Cell Phone - Smartphone with Wide Angle Lens and 24-Hour Battery - 128 GB -  Sea,$499.00,4.4 out of 5 stars,7,https://www.amazon.com//gp/slredirect/picassoRedirect.html/ref=pa_sp_atf_aps_sr_pg1_1?ie=UTF8&adId=A05238832H9KUYZQUC01Z&qualifier=1685650464&id=4285901074781636&widgetName=sp_atf&url=%2FGoogle-Pixel-7a-Unlocked-Smartphone%2Fdp%2FB0BZ9T8R41%2Fref%3Dsr_1_1_sspa%3Fkeywords%3Dmobile%2Bphone%26qid%3D1685650464%26sr%3D8-1-spons%26psc%3D1,https://m.media-amazon.com/images/I/8162vKQDSYL._AC_UY218_.jpg
Google Pixel 7a - Unlocked Android Cell Phone - Smartphone with Wide Angle Lens and 24-Hour Battery - 128 GB -  Sea,$499.00,4.4 out of 5 stars,7,https://www.amazon.com//gp/slredirect/picassoRedirect.html/ref=pa_sp_atf_aps_sr_pg1_1?ie=UTF8&adId=A05238832H9KUYZQUC01Z&qualifier=1685650464&id=4285901074781636&widgetName=sp_atf&url=%2FGoogle-Pixel-7a-Unlocked-Smartphone%2Fdp%2FB0BZ9T8R41%2Fref%3Dsr_1_1_sspa%3Fkeywords%3Dmobile%2Bphone%26qid%3D1685650464%26sr%3D8-1-spons%26psc%3D1,https://m.media-amazon.com/images/I/8162vKQDSYL._AC_UY218_.jpg
Google Pixel 7a - Unlocked Android Cell Phone - Smartphone with Wide Angle Lens and 24-Hour Battery - 128 GB -  Sea,$499.00,4.4 out of 5 stars,7,https://www.amazon.com//gp/slredirect/picassoRedirect.html/ref=pa_sp_atf_aps_sr_pg1_1?ie=UTF8&adId=A05238832H9KUYZQUC01Z&qualifier=1685650464&id=4285901074781636&widgetName=sp_atf&url=%2FGoogle-Pixel-7a-Unlocked-Smartphone%2Fdp%2FB0BZ9T8R41%2Fref%3Dsr_1_1_sspa%3Fkeywords%3Dmobile%2Bphone%26qid%3D1685650464%26sr%3D8-1-spons%26psc%3D1,https://m.media-amazon.com/images/I/8162vKQDSYL._AC_UY218_.jpg
Google Pixel 7a - Unlocked Android Cell Phone - Smartphone with Wide Angle Lens and 24-Hour Battery - 128 GB -  Sea,$499.00,4.4 out of 5 stars,7,https://www.amazon.com//gp/slredirect/picassoRedirect.html/ref=pa_sp_atf_aps_sr_pg1_1?ie=UTF8&adId=A05238832H9KUYZQUC01Z&qualifier=1685650464&id=4285901074781636&widgetName=sp_atf&url=%2FGoogle-Pixel-7a-Unlocked-Smartphone%2Fdp%2FB0BZ9T8R41%2Fref%3Dsr_1_1_sspa%3Fkeywords%3Dmobile%2Bphone%26qid%3D1685650464%26sr%3D8-1-spons%26psc%3D1,https://m.media-amazon.com/images/I/8162vKQDSYL._AC_UY218_.jpg
Google Pixel 7a - Unlocked Android Cell Phone - Smartphone with Wide Angle Lens and 24-Hour Battery - 128 GB -  Sea,$499.00,4.4 out of 5 stars,7,https://www.amazon.com//gp/slredirect/picassoRedirect.html/ref=pa_sp_atf_aps_sr_pg1_1?ie=UTF8&adId=A05238832H9KUYZQUC01Z&qualifier=1685650464&id=4285901074781636&widgetName=sp_atf&url=%2FGoogle-Pixel-7a-Unlocked-Smartphone%2Fdp%2FB0BZ9T8R41%2Fref%3Dsr_1_1_sspa%3Fkeywords%3Dmobile%2Bphone%26qid%3D1685650464%26sr%3D8-1-spons%26psc%3D1,https://m.media-amazon.com/images/I/8162vKQDSYL._AC_UY218_.jpg
Google Pixel 7a - Unlocked Android Cell Phone - Smartphone with Wide Angle Lens and 24-Hour Battery - 128 GB -  Sea,$499.00,4.4 out of 5 stars,7,https://www.amazon.com//gp/slredirect/picassoRedirect.html/ref=pa_sp_atf_aps_sr_pg1_1?ie=UTF8&adId=A05238832H9KUYZQUC01Z&qualifier=1685650464&id=4285901074781636&widgetName=sp_atf&url=%2FGoogle-Pixel-7a-Unlocked-Smartphone%2Fdp%2FB0BZ9T8R41%2Fref%3Dsr_1_1_sspa%3Fkeywords%3Dmobile%2Bphone%26qid%3D1685650464%26sr%3D8-1-spons%26psc%3D1,https://m.media-amazon.com/images/I/8162vKQDSYL._AC_UY218_.jpg
Google Pixel 7a - Unlocked Android Cell Phone - Smartphone with Wide Angle Lens and 24-Hour Battery - 128 GB -  Sea,$499.00,4.4 out of 5 stars,7,https://www.amazon.com//gp/slredirect/picassoRedirect.html/ref=pa_sp_atf_aps_sr_pg1_1?ie=UTF8&adId=A05238832H9KUYZQUC01Z&qualifier=1685650464&id=4285901074781636&widgetName=sp_atf&url=%2FGoogle-Pixel-7a-Unlocked-Smartphone%2Fdp%2FB0BZ9T8R41%2Fref%3Dsr_1_1_sspa%3Fkeywords%3Dmobile%2Bphone%26qid%3D1685650464%26sr%3D8-1-spons%26psc%3D1,https://m.media-amazon.com/images/I/8162vKQDSYL._AC_UY218_.jpg
Google Pixel 7a - Unlocked Android Cell Phone - Smartphone with Wide Angle Lens and 24-Hour Battery - 128 GB -  Sea,$499.00,4.4 out of 5 stars,7,https://www.amazon.com//gp/slredirect/picassoRedirect.html/ref=pa_sp_atf_aps_sr_pg1_1?ie=UTF8&adId=A05238832H9KUYZQUC01Z&qualifier=1685650464&id=4285901074781636&widgetName=sp_atf&url=%2FGoogle-Pixel-7a-Unlocked-Smartphone%2Fdp%2FB0BZ9T8R41%2Fref%3Dsr_1_1_sspa%3Fkeywords%3Dmobile%2Bphone%26qid%3D1685650464%26sr%3D8-1-spons%26psc%3D1,https://m.media-amazon.com/images/I/8162vKQDSYL._AC_UY218_.jpg
Google Pixel 7a - Unlocked Android Cell Phone - Smartphone with Wide Angle Lens and 24-Hour Battery - 128 GB -  Sea,$499.00,4.4 out of 5 stars,7,https://www.amazon.com//gp/slredirect/picassoRedirect.html/ref=pa_sp_atf_aps_sr_pg1_1?ie=UTF8&adId=A05238832H9KUYZQUC01Z&qualifier=1685650464&id=4285901074781636&widgetName=sp_atf&url=%2FGoogle-Pixel-7a-Unlocked-Smartphone%2Fdp%2FB0BZ9T8R41%2Fref%3Dsr_1_1_sspa%3Fkeywords%3Dmobile%2Bphone%26qid%3D1685650464%26sr%3D8-1-spons%26psc%3D1,https://m.media-amazon.com/images/I/8162vKQDSYL._AC_UY218_.jpg
Google Pixel 7a - Unlocked Android Cell Phone - Smartphone with Wide Angle Lens and 24-Hour Battery - 128 GB -  Sea,$499.00,4.4 out of 5 stars,7,https://www.amazon.com//gp/slredirect/picassoRedirect.html/ref=pa_sp_atf_aps_sr_pg1_1?ie=UTF8&adId=A05238832H9KUYZQUC01Z&qualifier=1685650464&id=4285901074781636&widgetName=sp_atf&url=%2FGoogle-Pixel-7a-Unlocked-Smartphone%2Fdp%2FB0BZ9T8R41%2Fref%3Dsr_1_1_sspa%3Fkeywords%3Dmobile%2Bphone%26qid%3D1685650464%26sr%3D8-1-spons%26psc%3D1,https://m.media-amazon.com/images/I/8162vKQDSYL._AC_UY218_.jpg
Google Pixel 7a - Unlocked Android Cell Phone - Smartphone with Wide Angle Lens and 24-Hour Battery - 128 GB -  Sea,$499.00,4.4 out of 5 stars,7,https://www.amazon.com//gp/slredirect/picassoRedirect.html/ref=pa_sp_atf_aps_sr_pg1_1?ie=UTF8&adId=A05238832H9KUYZQUC01Z&qualifier=1685650464&id=4285901074781636&widgetName=sp_atf&url=%2FGoogle-Pixel-7a-Unlocked-Smartphone%2Fdp%2FB0BZ9T8R41%2Fref%3Dsr_1_1_sspa%3Fkeywords%3Dmobile%2Bphone%26qid%3D1685650464%26sr%3D8-1-spons%26psc%3D1,https://m.media-amazon.com/images/I/8162vKQDSYL._AC_UY218_.jpg
Google Pixel 7a - Unlocked Android Cell Phone - Smartphone with Wide Angle Lens and 24-Hour Battery - 128 GB -  Sea,$499.00,4.4 out of 5 stars,7,https://www.amazon.com//gp/slredirect/picassoRedirect.html/ref=pa_sp_atf_aps_sr_pg1_1?ie=UTF8&adId=A05238832H9KUYZQUC01Z&qualifier=1685650464&id=4285901074781636&widgetName=sp_atf&url=%2FGoogle-Pixel-7a-Unlocked-Smartphone%2Fdp%2FB0BZ9T8R41%2Fref%3Dsr_1_1_sspa%3Fkeywords%3Dmobile%2Bphone%26qid%3D1685650464%26sr%3D8-1-spons%26psc%3D1,https://m.media-amazon.com/images/I/8162vKQDSYL._AC_UY218_.jpg
Google Pixel 7a - Unlocked Android Cell Phone - Smartphone with Wide Angle Lens and 24-Hour Battery - 128 GB -  Sea,$499.00,4.4 out of 5 stars,7,https://www.amazon.com//gp/slredirect/picassoRedirect.html/ref=pa_sp_atf_aps_sr_pg1_1?ie=UTF8&adId=A05238832H9KUYZQUC01Z&qualifier=1685650464&id=4285901074781636&widgetName=sp_atf&url=%2FGoogle-Pixel-7a-Unlocked-Smartphone%2Fdp%2FB0BZ9T8R41%2Fref%3Dsr_1_1_sspa%3Fkeywords%3Dmobile%2Bphone%26qid%3D1685650464%26sr%3D8-1-spons%26psc%3D1,https://m.media-amazon.com/images/I/8162vKQDSYL._AC_UY218_.jpg
Google Pixel 7a - Unlocked Android Cell Phone - Smartphone with Wide Angle Lens and 24-Hour Battery - 128 GB -  Sea,$499.00,4.4 out of 5 stars,7,https://www.amazon.com//gp/slredirect/picassoRedirect.html/ref=pa_sp_atf_aps_sr_pg1_1?ie=UTF8&adId=A05238832H9KUYZQUC01Z&qualifier=1685650464&id=4285901074781636&widgetName=sp_atf&url=%2FGoogle-Pixel-7a-Unlocked-Smartphone%2Fdp%2FB0BZ9T8R41%2Fref%3Dsr_1_1_sspa%3Fkeywords%3Dmobile%2Bphone%26qid%3D1685650464%26sr%3D8-1-spons%26psc%3D1,https://m.media-amazon.com/images/I/8162vKQDSYL._AC_UY218_.jpg
Google Pixel 7a - Unlocked Android Cell Phone - Smartphone with Wide Angle Lens and 24-Hour Battery - 128 GB -  Sea,$499.00,4.4 out of 5 stars,7,https://www.amazon.com//gp/slredirect/picassoRedirect.html/ref=pa_sp_atf_aps_sr_pg1_1?ie=UTF8&adId=A05238832H9KUYZQUC01Z&qualifier=1685650464&id=4285901074781636&widgetName=sp_atf&url=%2FGoogle-Pixel-7a-Unlocked-Smartphone%2Fdp%2FB0BZ9T8R41%2Fref%3Dsr_1_1_sspa%3Fkeywords%3Dmobile%2Bphone%26qid%3D1685650464%26sr%3D8-1-spons%26psc%3D1,https://m.media-amazon.com/images/I/8162vKQDSYL._AC_UY218_.jpg
Google Pixel 7a - Unlocked Android Cell Phone - Smartphone with Wide Angle Lens and 24-Hour Battery - 128 GB -  Sea,$499.00,4.4 out of 5 stars,7,https://www.amazon.com//gp/slredirect/picassoRedirect.html/ref=pa_sp_atf_aps_sr_pg1_1?ie=UTF8&adId=A05238832H9KUYZQUC01Z&qualifier=1685650464&id=4285901074781636&widgetName=sp_atf&url=%2FGoogle-Pixel-7a-Unlocked-Smartphone%2Fdp%2FB0BZ9T8R41%2Fref%3Dsr_1_1_sspa%3Fkeywords%3Dmobile%2Bphone%26qid%3D1685650464%26sr%3D8-1-spons%26psc%3D1,https://m.media-amazon.com/images/I/8162vKQDSYL._AC_UY218_.jpg
Google Pixel 7a - Unlocked Android Cell Phone - Smartphone with Wide Angle Lens and 24-Hour Battery - 128 GB -  Sea,$499.00,4.4 out of 5 stars,7,https://www.amazon.com//gp/slredirect/picassoRedirect.html/ref=pa_sp_atf_aps_sr_pg1_1?ie=UTF8&adId=A05238832H9KUYZQUC01Z&qualifier=1685650464&id=4285901074781636&widgetName=sp_atf&url=%2FGoogle-Pixel-7a-Unlocked-Smartphone%2Fdp%2FB0BZ9T8R41%2Fref%3Dsr_1_1_sspa%3Fkeywords%3Dmobile%2Bphone%26qid%3D1685650464%26sr%3D8-1-spons%26psc%3D1,https://m.media-amazon.com/images/I/8162vKQDSYL._AC_UY218_.jpg
Google Pixel 7a - Unlocked Android Cell Phone - Smartphone with Wide Angle Lens and 24-Hour Battery - 128 GB -  Sea,$499.00,4.4 out of 5 stars,7,https://www.amazon.com//gp/slredirect/picassoRedirect.html/ref=pa_sp_atf_aps_sr_pg1_1?ie=UTF8&adId=A05238832H9KUYZQUC01Z&qualifier=1685650464&id=4285901074781636&widgetName=sp_atf&url=%2FGoogle-Pixel-7a-Unlocked-Smartphone%2Fdp%2FB0BZ9T8R41%2Fref%3Dsr_1_1_sspa%3Fkeywords%3Dmobile%2Bphone%26qid%3D1685650464%26sr%3D8-1-spons%26psc%3D1,https://m.media-amazon.com/images/I/8162vKQDSYL._AC_UY218_.jpg
Google Pixel 7a - Unlocked Android Cell Phone - Smartphone with Wide Angle Lens and 24-Hour Battery - 128 GB -  Sea,$499.00,4.4 out of 5 stars,7,https://www.amazon.com//gp/slredirect/picassoRedirect.html/ref=pa_sp_atf_aps_sr_pg1_1?ie=UTF8&adId=A05238832H9KUYZQUC01Z&qualifier=1685650464&id=4285901074781636&widgetName=sp_atf&url=%2FGoogle-Pixel-7a-Unlocked-Smartphone%2Fdp%2FB0BZ9T8R41%2Fref%3Dsr_1_1_sspa%3Fkeywords%3Dmobile%2Bphone%26qid%3D1685650464%26sr%3D8-1-spons%26psc%3D1,https://m.media-amazon.com/images/I/8162vKQDSYL._AC_UY218_.jpg
Google Pixel 7a - Unlocked Android Cell Phone - Smartphone with Wide Angle Lens and 24-Hour Battery - 128 GB -  Sea,$499.00,4.4 out of 5 stars,7,https://www.amazon.com//gp/slredirect/picassoRedirect.html/ref=pa_sp_atf_aps_sr_pg1_1?ie=UTF8&adId=A05238832H9KUYZQUC01Z&qualifier=1685650464&id=4285901074781636&widgetName=sp_atf&url=%2FGoogle-Pixel-7a-Unlocked-Smartphone%2Fdp%2FB0BZ9T8R41%2Fref%3Dsr_1_1_sspa%3Fkeywords%3Dmobile%2Bphone%26qid%3D1685650464%26sr%3D8-1-spons%26psc%3D1,https://m.media-amazon.com/images/I/8162vKQDSYL._AC_UY218_.jpg
Google Pixel 7a - Unlocked Android Cell Phone - Smartphone with Wide Angle Lens and 24-Hour Battery - 128 GB -  Sea,$499.00,4.4 out of 5 stars,7,https://www.amazon.com//gp/slredirect/picassoRedirect.html/ref=pa_sp_atf_aps_sr_pg1_1?ie=UTF8&adId=A05238832H9KUYZQUC01Z&qualifier=1685650464&id=4285901074781636&widgetName=sp_atf&url=%2FGoogle-Pixel-7a-Unlocked-Smartphone%2Fdp%2FB0BZ9T8R41%2Fref%3Dsr_1_1_sspa%3Fkeywords%3Dmobile%2Bphone%26qid%3D1685650464%26sr%3D8-1-spons%26psc%3D1,https://m.media-amazon.com/images/I/8162vKQDSYL._AC_UY218_.jpg
Google Pixel 7a - Unlocked Android Cell Phone - Smartphone with Wide Angle Lens and 24-Hour Battery - 128 GB -  Sea,$499.00,4.4 out of 5 stars,7,https://www.amazon.com//gp/slredirect/picassoRedirect.html/ref=pa_sp_atf_aps_sr_pg1_1?ie=UTF8&adId=A05238832H9KUYZQUC01Z&qualifier=1685650464&id=4285901074781636&widgetName=sp_atf&url=%2FGoogle-Pixel-7a-Unlocked-Smartphone%2Fdp%2FB0BZ9T8R41%2Fref%3Dsr_1_1_sspa%3Fkeywords%3Dmobile%2Bphone%26qid%3D1685650464%26sr%3D8-1-spons%26psc%3D1,https://m.media-amazon.com/images/I/8162vKQDSYL._AC_UY218_.jpg
Google Pixel 7a - Unlocked Android Cell Phone - Smartphone with Wide Angle Lens and 24-Hour Battery - 128 GB -  Sea,$499.00,4.4 out of 5 stars,7,https://www.amazon.com//gp/slredirect/picassoRedirect.html/ref=pa_sp_atf_aps_sr_pg1_1?ie=UTF8&adId=A05238832H9KUYZQUC01Z&qualifier=1685650464&id=4285901074781636&widgetName=sp_atf&url=%2FGoogle-Pixel-7a-Unlocked-Smartphone%2Fdp%2FB0BZ9T8R41%2Fref%3Dsr_1_1_sspa%3Fkeywords%3Dmobile%2Bphone%26qid%3D1685650464%26sr%3D8-1-spons%26psc%3D1,https://m.media-amazon.com/images/I/8162vKQDSYL._AC_UY218_.jpg
Google Pixel 7a - Unlocked Android Cell Phone - Smartphone with Wide Angle Lens and 24-Hour Battery - 128 GB -  Sea,$499.00,4.4 out of 5 stars,7,https://www.amazon.com//gp/slredirect/picassoRedirect.html/ref=pa_sp_atf_aps_sr_pg1_1?ie=UTF8&adId=A05238832H9KUYZQUC01Z&qualifier=1685650464&id=4285901074781636&widgetName=sp_atf&url=%2FGoogle-Pixel-7a-Unlocked-Smartphone%2Fdp%2FB0BZ9T8R41%2Fref%3Dsr_1_1_sspa%3Fkeywords%3Dmobile%2Bphone%26qid%3D1685650464%26sr%3D8-1-spons%26psc%3D1,https://m.media-amazon.com/images/I/8162vKQDSYL._AC_UY218_.jpg
Google Pixel 7a - Unlocked Android Cell Phone - Smartphone with Wide Angle Lens and 24-Hour Battery - 128 GB -  Sea,$499.00,4.4 out of 5 stars,7,https://www.amazon.com//gp/slredirect/picassoRedirect.html/ref=pa_sp_atf_aps_sr_pg1_1?ie=UTF8&adId=A05238832H9KUYZQUC01Z&qualifier=1685650464&id=4285901074781636&widgetName=sp_atf&url=%2FGoogle-Pixel-7a-Unlocked-Smartphone%2Fdp%2FB0BZ9T8R41%2Fref%3Dsr_1_1_sspa%3Fkeywords%3Dmobile%2Bphone%26qid%3D1685650464%26sr%3D8-1-spons%26psc%3D1,https://m.media-amazon.com/images/I/8162vKQDSYL._AC_UY218_.jpg
Google Pixel 7a - Unlocked Android Cell Phone - Smartphone with Wide Angle Lens and 24-Hour Battery - 128 GB -  Sea,$499.00,4.4 out of 5 stars,7,https://www.amazon.com//gp/slredirect/picassoRedirect.html/ref=pa_sp_atf_aps_sr_pg1_1?ie=UTF8&adId=A05238832H9KUYZQUC01Z&qualifier=1685650464&id=4285901074781636&widgetName=sp_atf&url=%2FGoogle-Pixel-7a-Unlocked-Smartphone%2Fdp%2FB0BZ9T8R41%2Fref%3Dsr_1_1_sspa%3Fkeywords%3Dmobile%2Bphone%26qid%3D1685650464%26sr%3D8-1-spons%26psc%3D1,https://m.media-amazon.com/images/I/8162vKQDSYL._AC_UY218_.jpg
Google Pixel 7a - Unlocked Android Cell Phone - Smartphone with Wide Angle Lens and 24-Hour Battery - 128 GB -  Sea,$499.00,4.4 out of 5 stars,7,https://www.amazon.com//gp/slredirect/picassoRedirect.html/ref=pa_sp_atf_aps_sr_pg1_1?ie=UTF8&adId=A05238832H9KUYZQUC01Z&qualifier=1685650464&id=4285901074781636&widgetName=sp_atf&url=%2FGoogle-Pixel-7a-Unlocked-Smartphone%2Fdp%2FB0BZ9T8R41%2Fref%3Dsr_1_1_sspa%3Fkeywords%3Dmobile%2Bphone%26qid%3D1685650464%26sr%3D8-1-spons%26psc%3D1,https://m.media-amazon.com/images/I/8162vKQDSYL._AC_UY218_.jpg
Google Pixel 7a - Unlocked Android Cell Phone - Smartphone with Wide Angle Lens and 24-Hour Battery - 128 GB -  Sea,$499.00,4.4 out of 5 stars,7,https://www.amazon.com//gp/slredirect/picassoRedirect.html/ref=pa_sp_atf_aps_sr_pg1_1?ie=UTF8&adId=A05238832H9KUYZQUC01Z&qualifier=1685650464&id=4285901074781636&widgetName=sp_atf&url=%2FGoogle-Pixel-7a-Unlocked-Smartphone%2Fdp%2FB0BZ9T8R41%2Fref%3Dsr_1_1_sspa%3Fkeywords%3Dmobile%2Bphone%26qid%3D1685650464%26sr%3D8-1-spons%26psc%3D1,https://m.media-amazon.com/images/I/8162vKQDSYL._AC_UY218_.jpg
Google Pixel 7a - Unlocked Android Cell Phone - Smartphone with Wide Angle Lens and 24-Hour Battery - 128 GB -  Sea,$499.00,4.4 out of 5 stars,7,https://www.amazon.com//gp/slredirect/picassoRedirect.html/ref=pa_sp_atf_aps_sr_pg1_1?ie=UTF8&adId=A05238832H9KUYZQUC01Z&qualifier=1685650464&id=4285901074781636&widgetName=sp_atf&url=%2FGoogle-Pixel-7a-Unlocked-Smartphone%2Fdp%2FB0BZ9T8R41%2Fref%3Dsr_1_1_sspa%3Fkeywords%3Dmobile%2Bphone%26qid%3D1685650464%26sr%3D8-1-spons%26psc%3D1,https://m.media-amazon.com/images/I/8162vKQDSYL._AC_UY218_.jpg
Google Pixel 7a - Unlocked Android Cell Phone - Smartphone with Wide Angle Lens and 24-Hour Battery - 128 GB -  Sea,$499.00,4.4 out of 5 stars,7,https://www.amazon.com//gp/slredirect/picassoRedirect.html/ref=pa_sp_atf_aps_sr_pg1_1?ie=UTF8&adId=A05238832H9KUYZQUC01Z&qualifier=1685650464&id=4285901074781636&widgetName=sp_atf&url=%2FGoogle-Pixel-7a-Unlocked-Smartphone%2Fdp%2FB0BZ9T8R41%2Fref%3Dsr_1_1_sspa%3Fkeywords%3Dmobile%2Bphone%26qid%3D1685650464%26sr%3D8-1-spons%26psc%3D1,https://m.media-amazon.com/images/I/8162vKQDSYL._AC_UY218_.jpg
Google Pixel 7a - Unlocked Android Cell Phone - Smartphone with Wide Angle Lens and 24-Hour Battery - 128 GB -  Sea,$499.00,4.4 out of 5 stars,7,https://www.amazon.com//gp/slredirect/picassoRedirect.html/ref=pa_sp_atf_aps_sr_pg1_1?ie=UTF8&adId=A05238832H9KUYZQUC01Z&qualifier=1685650464&id=4285901074781636&widgetName=sp_atf&url=%2FGoogle-Pixel-7a-Unlocked-Smartphone%2Fdp%2FB0BZ9T8R41%2Fref%3Dsr_1_1_sspa%3Fkeywords%3Dmobile%2Bphone%26qid%3D1685650464%26sr%3D8-1-spons%26psc%3D1,https://m.media-amazon.com/images/I/8162vKQDSYL._AC_UY218_.jpg
Google Pixel 7a - Unlocked Android Cell Phone - Smartphone with Wide Angle Lens and 24-Hour Battery - 128 GB -  Sea,$499.00,4.4 out of 5 stars,7,https://www.amazon.com//gp/slredirect/picassoRedirect.html/ref=pa_sp_atf_aps_sr_pg1_1?ie=UTF8&adId=A05238832H9KUYZQUC01Z&qualifier=1685650464&id=4285901074781636&widgetName=sp_atf&url=%2FGoogle-Pixel-7a-Unlocked-Smartphone%2Fdp%2FB0BZ9T8R41%2Fref%3Dsr_1_1_sspa%3Fkeywords%3Dmobile%2Bphone%26qid%3D1685650464%26sr%3D8-1-spons%26psc%3D1,https://m.media-amazon.com/images/I/8162vKQDSYL._AC_UY218_.jpg
Google Pixel 7a - Unlocked Android Cell Phone - Smartphone with Wide Angle Lens and 24-Hour Battery - 128 GB -  Sea,$499.00,4.4 out of 5 stars,7,https://www.amazon.com//gp/slredirect/picassoRedirect.html/ref=pa_sp_atf_aps_sr_pg1_1?ie=UTF8&adId=A05238832H9KUYZQUC01Z&qualifier=1685650464&id=4285901074781636&widgetName=sp_atf&url=%2FGoogle-Pixel-7a-Unlocked-Smartphone%2Fdp%2FB0BZ9T8R41%2Fref%3Dsr_1_1_sspa%3Fkeywords%3Dmobile%2Bphone%26qid%3D1685650464%26sr%3D8-1-spons%26psc%3D1,https://m.media-amazon.com/images/I/8162vKQDSYL._AC_UY218_.jpg
Google Pixel 7a - Unlocked Android Cell Phone - Smartphone with Wide Angle Lens and 24-Hour Battery - 128 GB -  Sea,$499.00,4.4 out of 5 stars,7,https://www.amazon.com//gp/slredirect/picassoRedirect.html/ref=pa_sp_atf_aps_sr_pg1_1?ie=UTF8&adId=A05238832H9KUYZQUC01Z&qualifier=1685650464&id=4285901074781636&widgetName=sp_atf&url=%2FGoogle-Pixel-7a-Unlocked-Smartphone%2Fdp%2FB0BZ9T8R41%2Fref%3Dsr_1_1_sspa%3Fkeywords%3Dmobile%2Bphone%26qid%3D1685650464%26sr%3D8-1-spons%26psc%3D1,https://m.media-amazon.com/images/I/8162vKQDSYL._AC_UY218_.jpg
Google Pixel 7a - Unlocked Android Cell Phone - Smartphone with Wide Angle Lens and 24-Hour Battery - 128 GB -  Sea,$499.00,4.4 out of 5 stars,7,https://www.amazon.com//gp/slredirect/picassoRedirect.html/ref=pa_sp_atf_aps_sr_pg1_1?ie=UTF8&adId=A05238832H9KUYZQUC01Z&qualifier=1685650464&id=4285901074781636&widgetName=sp_atf&url=%2FGoogle-Pixel-7a-Unlocked-Smartphone%2Fdp%2FB0BZ9T8R41%2Fref%3Dsr_1_1_sspa%3Fkeywords%3Dmobile%2Bphone%26qid%3D1685650464%26sr%3D8-1-spons%26psc%3D1,https://m.media-amazon.com/images/I/8162vKQDSYL._AC_UY218_.jpg
Google Pixel 7a - Unlocked Android Cell Phone - Smartphone with Wide Angle Lens and 24-Hour Battery - 128 GB -  Sea,$499.00,4.4 out of 5 stars,7,https://www.amazon.com//gp/slredirect/picassoRedirect.html/ref=pa_sp_atf_aps_sr_pg1_1?ie=UTF8&adId=A05238832H9KUYZQUC01Z&qualifier=1685650464&id=4285901074781636&widgetName=sp_atf&url=%2FGoogle-Pixel-7a-Unlocked-Smartphone%2Fdp%2FB0BZ9T8R41%2Fref%3Dsr_1_1_sspa%3Fkeywords%3Dmobile%2Bphone%26qid%3D1685650464%26sr%3D8-1-spons%26psc%3D1,https://m.media-amazon.com/images/I/8162vKQDSYL._AC_UY218_.jpg
Google Pixel 7a - Unlocked Android Cell Phone - Smartphone with Wide Angle Lens and 24-Hour Battery - 128 GB -  Sea,$499.00,4.4 out of 5 stars,7,https://www.amazon.com//gp/slredirect/picassoRedirect.html/ref=pa_sp_atf_aps_sr_pg1_1?ie=UTF8&adId=A05238832H9KUYZQUC01Z&qualifier=1685650464&id=4285901074781636&widgetName=sp_atf&url=%2FGoogle-Pixel-7a-Unlocked-Smartphone%2Fdp%2FB0BZ9T8R41%2Fref%3Dsr_1_1_sspa%3Fkeywords%3Dmobile%2Bphone%26qid%3D1685650464%26sr%3D8-1-spons%26psc%3D1,https://m.media-amazon.com/images/I/8162vKQDSYL._AC_UY218_.jpg
